,Campaign,Ad_group,Keyword_type,Search_keyword,Clicks,Impressions,Cost,Leads,Prospects,CTR,CPC,Weeks,Region
0,EK_Generic_Swimming,Pool_Reservation_System_Exact,Exact,pool reservation system,2,17,38.33,0,1,11.76470588,19.165,25-01-2021,
1,EK_Generic_Swimming,Pool_Booking_App_Exact,Exact,pool booking app,1,13,11.7,0,0,7.692307692,11.7,25-01-2021,
2,EK_Generic_Quad-Tok_Yoga,Yoga_Studio_Booking_Software_Broad,Broad,yoga studio booking software,4,154,45.13,0,1,2.597402597,11.2825,25-01-2021,
3,EK_Generic_Swimming,Pool_Scheduling_Software_Phrase,Phrase,pool scheduling software,2,8,23.91,0,0,25,11.955,25-01-2021,
4,EK_Generic_Swimming_UK,Pool_Reservation_Software_Broad,Broad,pool reservation software,2,13,4.89,0,0,15.38461538,2.445,25-01-2021,UK
5,EK_Generic_Swimming_Canada,Pool_Reservation_Software_Broad,Broad,pool reservation software,1,2,4.93,0,0,50,4.93,25-01-2021,Canada
6,EK_Generic_Swimming,Pool_Reservation_Software_Exact,Exact,pool reservation software,1,3,13.44,1,0,33.33333333,13.44,25-01-2021,
7,EK_Generic_Tri-Tok_Reservation,Reservation_Management_System_Phrase,Phrase,reservation management system,1,9,6.08,0,0,11.11111111,6.08,25-01-2021,
8,EK_Generic_Quad-Tok_Yoga_Singapore,Yoga_Studio_Booking_Software_Broad,Broad,yoga studio booking software,1,3,6.38,0,0,33.33333333,6.38,25-01-2021,Singapore
9,EK_Generic_Tri-Tok_Reservation,Reservation_Management_System_Exact,Exact,reservation management system,0,14,0,0,0,0,0,25-01-2021,
10,EK_Generic_Tri-Tok_Reservation_Canada,Reservation_Management_System_Phrase,Phrase,booking management software,0,5,0,0,0,0,0,25-01-2021,Canada
11,EK_Generic_Tri-Tok_Reservation_Canada,Reservation_Management_System_Exact,Exact,reservation management system,0,4,0,0,0,0,0,25-01-2021,Canada
12,EK_Generic_Swimming,Swimming_Pool_Reservation_System_Exact,Exact,swimming pool reservation system,0,2,0,0,0,0,0,25-01-2021,
13,EK_Generic_Tri-Tok_Reservation_UK,Reservation_Management_System_Exact,Exact,reservation management system,0,10,0,0,0,0,0,25-01-2021,UK
14,EK_Generic_Quad-Tok_Yoga,Yoga_Studio_Booking_Software_Exact,Exact,yoga studio booking software,0,6,0,0,0,0,0,25-01-2021,
15,EK_Generic_Tri-Tok_Reservation,Reservation_Management_System_Phrase,Phrase,booking management software,0,26,0,0,0,0,0,25-01-2021,
16,EK_Generic_Swimming,Swimming_Pool_Booking_System_Exact,Exact,swimming pool booking system,0,2,0,0,0,0,0,25-01-2021,
17,EK_Generic_Swimming_UK,Swimming_Pool_Booking_System_Exact,Exact,swimming pool booking system,0,1,0,0,0,0,0,25-01-2021,UK
18,EK_Generic_Tri-Tok_Reservation_UAE,Reservation_Management_System_Phrase,Phrase,booking management software,0,0,0,0,0,0,0,25-01-2021,UAE
19,EK_Generic_Swimming_Canada,Swimming_Pool_Booking_System_Exact,Exact,swimming pool booking system,0,1,0,0,0,0,0,25-01-2021,Canada
20,EK_Generic_Tri-Tok_Reservation_UAE,Reservation_Management_System_Phrase,Phrase,reservation management system,0,1,0,0,0,0,0,25-01-2021,UAE
21,EK_Generic_Quad-Tok_Yoga,Yoga_Studio_Generic_Software_Phrase,Phrase,yoga studio management software,0,2,0,0,0,0,0,25-01-2021,
22,EK_Generic_Tri-Tok_Reservation_Singapore,Reservation_Management_System_Exact,Exact,reservation management system,0,1,0,0,0,0,0,25-01-2021,Singapore
23,EK_Generic_Tri-Tok_Reservation_Singapore,Reservation_Management_System_Phrase,Phrase,reservation management system,0,1,0,0,0,0,0,25-01-2021,Singapore
24,EK_Generic_Tri-Tok_Reservation_UAE,Reservation_Management_System_Exact,Exact,reservation management system,0,0,0,0,0,0,0,25-01-2021,UAE
25,EK_Generic_Swimming,Pool_Reservation_Software_Broad,Broad,pool reservation software,0,12,0,0,0,0,0,25-01-2021,
26,EK_Generic_Tri-Tok_Reservation_UK,Reservation_Management_System_Phrase,Phrase,booking management software,0,9,0,0,0,0,0,25-01-2021,UK
27,EK_Generic_Tri-Tok_Reservation_Canada,Reservation_Management_System_Phrase,Phrase,reservation management system,2,3,17.43,0,1,66.66666667,8.715,01-02-2021,Canada
28,EK_Generic_Tri-Tok_Reservation_UK,Reservation_Management_System_Phrase,Phrase,booking management software,2,28,32.1,0,0,7.142857143,16.05,01-02-2021,UK
29,EK_Generic_Swimming,Pool_Scheduling_Software_Phrase,Phrase,pool scheduling software,2,5,13.63,0,0,40,6.815,01-02-2021,
30,EK_Generic_Tri-Tok_Reservation_Canada,Reservation_Management_System_Phrase,Phrase,booking management software,2,11,22.14,0,0,18.18181818,11.07,01-02-2021,Canada
31,EK_Generic_Swimming,Pool_Reservation_System_Exact,Exact,pool reservation system,2,12,12.27,0,0,16.66666667,6.135,01-02-2021,
32,EK_Generic_Tri-Tok_Reservation,Reservation_Management_System_Phrase,Phrase,booking management software,2,39,28.47,0,0,5.128205128,14.235,01-02-2021,
33,EK_Generic_Tri-Tok_Reservation,Reservation_Management_System_Phrase,Phrase,reservation management system,2,25,22.61,0,0,8,11.305,01-02-2021,
34,EK_Generic_Quad-Tok_Yoga,Yoga_Studio_Booking_Software_Broad,Broad,yoga studio booking software,1,161,12.49,0,0,0.621118012,12.49,01-02-2021,
35,EK_Generic_Swimming,Pool_Reservation_Software_Broad,Broad,pool reservation software,1,10,3.73,0,0,10,3.73,01-02-2021,
36,EK_Generic_Swimming_UK,Pool_Reservation_Software_Broad,Broad,pool reservation software,1,16,6.37,0,0,6.25,6.37,01-02-2021,UK
37,EK_Generic_Quad-Tok_Yoga,Yoga_Studio_Booking_Software_Exact,Exact,yoga studio booking software,1,8,15.11,0,0,12.5,15.11,01-02-2021,
38,EK_Generic_Swimming,Pool_Booking_App_Exact,Exact,pool booking app,1,12,6.23,0,0,8.333333333,6.23,01-02-2021,
39,EK_Generic_Tri-Tok_Reservation_UAE,Reservation_Management_System_Phrase,Phrase,booking management software,0,1,0,0,0,0,0,01-02-2021,UAE
40,EK_Generic_Tri-Tok_Reservation_Singapore,Reservation_Management_System_Phrase,Phrase,booking management software,0,1,0,0,0,0,0,01-02-2021,Singapore
41,EK_Generic_Tri-Tok_Reservation_UAE,Reservation_Management_System_Exact,Exact,reservation management system,0,0,0,0,0,0,0,01-02-2021,UAE
42,EK_Generic_Quad-Tok_Yoga_Singapore,Yoga_Studio_Booking_Software_Broad,Broad,yoga studio booking software,0,3,0,0,0,0,0,01-02-2021,Singapore
43,EK_Generic_Tri-Tok_Reservation,Reservation_Management_System_Exact,Exact,reservation management system,0,19,0,0,0,0,0,01-02-2021,
44,EK_Generic_Swimming_Canada,Pool_Reservation_System_Exact,Exact,pool reservation system,0,1,0,0,0,0,0,01-02-2021,Canada
45,EK_Generic_Swimming_Canada,Pool_Reservation_Software_Broad,Broad,pool reservation software,0,4,0,0,0,0,0,01-02-2021,Canada
46,EK_Generic_Swimming,Pool_Reservation_Software_Exact,Exact,pool reservation software,0,3,0,0,0,0,0,01-02-2021,
47,EK_Generic_Swimming,Swimming_Pool_Booking_System_Exact,Exact,swimming pool booking system,0,1,0,0,0,0,0,01-02-2021,
48,EK_Generic_Tri-Tok_Reservation_Canada,Reservation_Management_System_Exact,Exact,reservation management system,0,2,0,0,0,0,0,01-02-2021,Canada
49,EK_Generic_Tri-Tok_Reservation_UK,Reservation_Management_System_Exact,Exact,reservation management system,0,5,0,0,0,0,0,01-02-2021,UK
50,EK_Generic_Swimming,Swimming_Pool_Reservation_System_Exact,Exact,swimming pool reservation system,0,1,0,0,0,0,0,01-02-2021,
51,EK_Generic_Tri-Tok_Reservation_Singapore,Reservation_Management_System_Exact,Exact,reservation management system,0,0,0,0,0,0,0,01-02-2021,Singapore
52,EK_Generic_Tri-Tok_Reservation_Singapore,Reservation_Management_System_Phrase,Phrase,reservation management system,0,1,0,0,0,0,0,01-02-2021,Singapore
53,EK_Generic_Swimming_UK,Pool_Scheduling_Software_Phrase,Phrase,pool scheduling software,0,0,0,0,0,0,0,01-02-2021,UK
54,EK_Generic_Tri-Tok_Reservation_UK,Reservation_Management_System_Phrase,Phrase,reservation management system,0,1,0,0,0,0,0,01-02-2021,UK
55,EK_Generic_Quad-Tok_Yoga,Yoga_Studio_Generic_Software_Phrase,Phrase,yoga studio management software,0,0,0,0,0,0,0,01-02-2021,
56,EK_Generic_Tri-Tok_Reservation_UAE,Reservation_Management_System_Phrase,Phrase,reservation management system,0,0,0,0,0,0,0,01-02-2021,UAE
57,EK_Generic_Swimming_UK,Pool_Reservation_Software_Broad,Broad,pool reservation software,4,27,12.05,0,1,14.81481481,3.0125,08-02-2021,UK
58,EK_Generic_Quad-Tok_Yoga,Yoga_Studio_Booking_Software_Broad,Broad,yoga studio booking software,3,144,29.87,0,0,2.083333333,9.956666667,08-02-2021,
59,EK_Generic_Swimming,Pool_Reservation_System_Exact,Exact,pool reservation system,3,15,42.5,0,0,20,14.16666667,08-02-2021,
60,EK_Generic_Tri-Tok_Reservation_UK,Reservation_Management_System_Phrase,Phrase,booking management software,2,26,32.15,0,0,7.692307692,16.075,08-02-2021,UK
61,EK_Generic_Swimming,Pool_Scheduling_Software_Phrase,Phrase,pool scheduling software,2,6,40.21,0,0,33.33333333,20.105,08-02-2021,
62,EK_Generic_Swimming_UK,Swimming_Pool_Booking_System_Exact,Exact,swimming pool booking system,1,5,1.52,0,0,20,1.52,08-02-2021,UK
63,EK_Generic_Tri-Tok_Reservation_Singapore,Reservation_Management_System_Phrase,Phrase,booking management software,1,3,11.33,0,0,33.33333333,11.33,08-02-2021,Singapore
64,EK_Generic_Tri-Tok_Reservation,Reservation_Management_System_Phrase,Phrase,reservation management system,1,15,11.47,0,0,6.666666667,11.47,08-02-2021,
65,EK_Generic_Swimming,Pool_Reservation_Software_Broad,Broad,pool reservation software,1,19,4.56,0,0,5.263157895,4.56,08-02-2021,
66,EK_Generic_Swimming,Pool_Booking_App_Exact,Exact,pool booking app,1,15,5.03,0,0,6.666666667,5.03,08-02-2021,
67,EK_Generic_Tri-Tok_Reservation,Reservation_Management_System_Phrase,Phrase,booking management software,1,35,14.46,0,0,2.857142857,14.46,08-02-2021,
68,EK_Generic_Tri-Tok_Reservation_Canada,Reservation_Management_System_Phrase,Phrase,booking management software,1,20,10.98,0,0,5,10.98,08-02-2021,Canada
69,EK_Generic_Tri-Tok_Reservation_UK,Reservation_Management_System_Phrase,Phrase,reservation management system,0,1,0,0,0,0,0,08-02-2021,UK
70,EK_Generic_Quad-Tok_Yoga,Yoga_Studio_Generic_Software_Phrase,Phrase,yoga studio management software,0,2,0,0,0,0,0,08-02-2021,
71,EK_Generic_Tri-Tok_Reservation_UAE,Reservation_Management_System_Phrase,Phrase,booking management software,0,0,0,0,0,0,0,08-02-2021,UAE
72,EK_Generic_Tri-Tok_Reservation_Singapore,Reservation_Management_System_Phrase,Phrase,reservation management system,0,1,0,0,0,0,0,08-02-2021,Singapore
73,EK_Generic_Quad-Tok_Yoga_Singapore,Yoga_Studio_Booking_Software_Broad,Broad,yoga studio booking software,0,7,0,0,0,0,0,08-02-2021,Singapore
74,EK_Generic_Tri-Tok_Reservation_UAE,Reservation_Management_System_Exact,Exact,reservation management system,0,2,0,0,0,0,0,08-02-2021,UAE
75,EK_Generic_Quad-Tok_Yoga,Yoga_Studio_Booking_Software_Exact,Exact,yoga studio booking software,0,1,0,0,0,0,0,08-02-2021,
76,EK_Generic_Tri-Tok_Reservation_Canada,Reservation_Management_System_Exact,Exact,reservation management system,0,2,0,0,0,0,0,08-02-2021,Canada
77,EK_Generic_Swimming,Swimming_Pool_Reservation_System_Exact,Exact,swimming pool reservation system,0,1,0,0,0,0,0,08-02-2021,
78,EK_Generic_Tri-Tok_Reservation_UK,Reservation_Management_System_Exact,Exact,reservation management system,0,5,0,0,0,0,0,08-02-2021,UK
79,EK_Generic_Tri-Tok_Reservation,Reservation_Management_System_Exact,Exact,reservation management system,0,11,0,0,0,0,0,08-02-2021,
80,EK_Generic_Swimming_Canada,Pool_Reservation_Software_Broad,Broad,pool reservation software,0,1,0,0,0,0,0,08-02-2021,Canada
81,EK_Generic_Swimming,Pool_Reservation_Software_Exact,Exact,pool reservation software,0,0,0,0,0,0,0,08-02-2021,
82,EK_Generic_Swimming,Pool_Reservation_System_Exact,Exact,pool reservation system,4,13,44.41,0,1,30.76923077,11.1025,15-02-2021,
83,EK_Generic_Tri-Tok_Reservation,Reservation_Management_System_Exact,Exact,reservation management system,3,31,15.97,0,1,9.677419355,5.323333333,15-02-2021,
84,EK_Generic_Quad-Tok_Yoga,Yoga_Studio_Booking_Software_Broad,Broad,yoga studio booking software,10,357,92.09,0,0,2.801120448,9.209,15-02-2021,
85,EK_Generic_Swimming_UK,Pool_Reservation_Software_Broad,Broad,pool reservation software,8,45,25.33,0,0,17.77777778,3.16625,15-02-2021,UK
86,EK_Generic_Swimming,Pool_Reservation_Software_Broad,Broad,pool reservation software,4,30,16,0,0,13.33333333,4,15-02-2021,
87,EK_Generic_Swimming,Pool_Booking_App_Exact,Exact,pool booking app,3,22,11.59,0,0,13.63636364,3.863333333,15-02-2021,
88,EK_Generic_Swimming,Pool_Scheduling_Software_Phrase,Phrase,pool scheduling software,1,8,17.34,0,0,12.5,17.34,15-02-2021,
89,EK_Generic_Tri-Tok_Reservation,Reservation_Management_System_Phrase,Phrase,booking management software,1,40,10.35,0,0,2.5,10.35,15-02-2021,
90,EK_Generic_Tri-Tok_Reservation_Canada,Reservation_Management_System_Phrase,Phrase,reservation management system,1,4,2.22,0,0,25,2.22,15-02-2021,Canada
91,EK_Generic_Tri-Tok_Reservation_UAE,Reservation_Management_System_Exact,Exact,reservation management system,0,3,0,0,0,0,0,15-02-2021,UAE
92,EK_Generic_Quad-Tok_Yoga_Singapore,Yoga_Studio_Booking_Software_Broad,Broad,yoga studio booking software,0,7,0,0,0,0,0,15-02-2021,Singapore
93,EK_Generic_Tri-Tok_Reservation_UK,Reservation_Management_System_Phrase,Phrase,booking management software,0,24,0,0,0,0,0,15-02-2021,UK
94,EK_Generic_Quad-Tok_Yoga,Yoga_Studio_Generic_Software_Phrase,Phrase,yoga studio management software,0,6,0,0,0,0,0,15-02-2021,
95,EK_Generic_Tri-Tok_Reservation_UK,Reservation_Management_System_Phrase,Phrase,reservation management system,0,1,0,0,0,0,0,15-02-2021,UK
96,EK_Generic_Tri-Tok_Reservation_UAE,Reservation_Management_System_Phrase,Phrase,reservation management system,0,0,0,0,0,0,0,15-02-2021,UAE
97,EK_Generic_Quad-Tok_Pilates,Pilates_Studio_Management_Software_Exact,Exact,pilates studio management software,0,1,0,0,0,0,0,15-02-2021,
98,EK_Generic_Swimming,Pool_Reservation_Software_Exact,Exact,pool reservation software,0,0,0,0,0,0,0,15-02-2021,
99,EK_Generic_Swimming_Canada,Pool_Reservation_Software_Broad,Broad,pool reservation software,0,2,0,0,0,0,0,15-02-2021,Canada
100,EK_Generic_Quad-Tok_Yoga,Yoga_Studio_Generic_Software_Phrase,Phrase,yoga studio scheduling software,0,0,0,0,0,0,0,15-02-2021,
101,EK_Generic_Swimming,Pool_Reservation_Software_Open_Broad,Broad,pool reservation software,0,1,0,0,0,0,0,15-02-2021,
102,EK_Generic_Tri-Tok_Reservation_Canada,Reservation_Management_System_Phrase,Phrase,booking management software,0,28,0,0,0,0,0,15-02-2021,Canada
103,EK_Generic_Swimming,Swimming_Pool_Booking_System_Exact,Exact,swimming pool booking system,0,1,0,0,0,0,0,15-02-2021,
104,EK_Generic_Tri-Tok_Reservation_Canada,Reservation_Management_System_Exact,Exact,reservation management system,0,8,0,0,0,0,0,15-02-2021,Canada
105,EK_Generic_Swimming,Swimming_Pool_Reservation_System_Exact,Exact,swimming pool reservation system,0,1,0,0,0,0,0,15-02-2021,
106,EK_Generic_Quad-Tok_Yoga,Yoga_Studio_Booking_Software_Exact,Exact,yoga studio booking software,0,2,0,0,0,0,0,15-02-2021,
107,EK_Generic_Tri-Tok_Reservation_UK,Reservation_Management_System_Exact,Exact,reservation management system,0,9,0,0,0,0,0,15-02-2021,UK
108,EK_Generic_Tri-Tok_Reservation_UAE,Reservation_Management_System_Phrase,Phrase,booking management software,0,1,0,0,0,0,0,15-02-2021,UAE
109,EK_Generic_Swimming_UK,Swimming_Pool_Booking_System_Exact,Exact,swimming pool booking system,0,1,0,0,0,0,0,15-02-2021,UK
110,EK_Generic_Tri-Tok_Reservation_Singapore,Reservation_Management_System_Phrase,Phrase,booking management software,0,2,0,0,0,0,0,15-02-2021,Singapore
111,EK_Generic_Tri-Tok_Reservation_Singapore,Reservation_Management_System_Exact,Exact,reservation management system,0,10,0,0,0,0,0,15-02-2021,Singapore
112,EK_Generic_Swimming_UK,Pool_Scheduling_Software_Phrase,Phrase,pool scheduling software,0,0,0,0,0,0,0,15-02-2021,UK
113,EK_Generic_Tri-Tok_Reservation,Reservation_Management_System_Phrase,Phrase,reservation management system,0,12,0,0,0,0,0,15-02-2021,
114,EK_Generic_Tri-Tok_Reservation_Singapore,Reservation_Management_System_Phrase,Phrase,reservation management system,0,1,0,0,0,0,0,15-02-2021,Singapore
115,EK_Generic_Quad-Tok_Yoga,Yoga_Studio_Booking_Software_Broad,Broad,yoga studio booking software,8,307,63.94,0,1,2.605863192,7.9925,22-02-2021,
116,EK_Generic_Tri-Tok_Reservation_UK,Reservation_Management_System_Phrase,Phrase,booking management software,3,21,39.76,0,0,14.28571429,13.25333333,22-02-2021,UK
117,EK_Generic_Swimming,Pool_Reservation_System_Exact,Exact,pool reservation system,2,8,17.04,0,0,25,8.52,22-02-2021,
118,EK_Generic_Swimming,Pool_Reservation_Software_Broad,Broad,pool reservation software,2,18,8.69,0,0,11.11111111,4.345,22-02-2021,
119,EK_Generic_Tri-Tok_Reservation_Canada,Reservation_Management_System_Phrase,Phrase,booking management software,2,10,15.32,0,0,20,7.66,22-02-2021,Canada
120,EK_Generic_Swimming,Pool_Booking_App_Exact,Exact,pool booking app,1,16,10.85,0,0,6.25,10.85,22-02-2021,
121,EK_Generic_Swimming,Swimming_Pool_Reservation_System_Exact,Exact,swimming pool reservation system,1,1,4.64,0,0,100,4.64,22-02-2021,
122,EK_Generic_Tri-Tok_Reservation,Reservation_Management_System_Phrase,Phrase,booking management software,1,33,13.33,0,0,3.03030303,13.33,22-02-2021,
123,EK_Generic_Tri-Tok_Reservation_Canada,Reservation_Management_System_Phrase,Phrase,reservation management system,1,3,10.5,0,0,33.33333333,10.5,22-02-2021,Canada
124,EK_Generic_Swimming_UK,Pool_Reservation_Software_Broad,Broad,pool reservation software,1,11,6.83,0,0,9.090909091,6.83,22-02-2021,UK
125,EK_Generic_Tri-Tok_Reservation_Singapore,Reservation_Management_System_Phrase,Phrase,reservation management system,0,1,0,0,0,0,0,22-02-2021,Singapore
126,EK_Generic_Swimming,Swimming_Pool_Booking_System_Exact,Exact,swimming pool booking system,0,1,0,0,0,0,0,22-02-2021,
127,EK_Generic_Tri-Tok_Reservation_Singapore,Reservation_Management_System_Exact,Exact,reservation management system,0,8,0,0,0,0,0,22-02-2021,Singapore
128,EK_Generic_Tri-Tok_Reservation_Singapore,Reservation_Management_System_Phrase,Phrase,booking management software,0,2,0,0,0,0,0,22-02-2021,Singapore
129,EK_Generic_Swimming_UK,Swimming_Pool_Reservation_System_Exact,Exact,swimming pool reservation system,0,1,0,0,0,0,0,22-02-2021,UK
130,EK_Generic_Quad-Tok_Pilates,Pilates_Studio_Management_Software_Exact,Exact,pilates studio management software,0,2,0,0,0,0,0,22-02-2021,
131,EK_Generic_Tri-Tok_Reservation_Canada,Reservation_Management_System_Exact,Exact,reservation management system,0,1,0,0,0,0,0,22-02-2021,Canada
132,EK_Generic_Swimming,Pool_Scheduling_Software_Phrase,Phrase,pool scheduling software,0,4,0,0,0,0,0,22-02-2021,
133,EK_Generic_Tri-Tok_Reservation_UAE,Reservation_Management_System_Exact,Exact,reservation management system,0,1,0,0,0,0,0,22-02-2021,UAE
134,EK_Generic_Quad-Tok_Yoga,Yoga_Studio_Generic_Software_Phrase,Phrase,yoga studio scheduling software,0,0,0,0,0,0,0,22-02-2021,
135,EK_Generic_Tri-Tok_Reservation,Reservation_Management_System_Exact,Exact,reservation management system,0,5,0,0,0,0,0,22-02-2021,
136,EK_Generic_Tri-Tok_Reservation,Reservation_Management_System_Phrase,Phrase,reservation management system,0,12,0,0,0,0,0,22-02-2021,
137,EK_Generic_Swimming_UK,Pool_Scheduling_Software_Phrase,Phrase,pool scheduling software,0,0,0,0,0,0,0,22-02-2021,UK
138,EK_Generic_Swimming_Canada,Pool_Reservation_System_Exact,Exact,pool reservation system,0,1,0,0,0,0,0,22-02-2021,Canada
139,EK_Generic_Tri-Tok_Reservation_UAE,Reservation_Management_System_Phrase,Phrase,reservation management system,0,1,0,0,0,0,0,22-02-2021,UAE
140,EK_Generic_Tri-Tok_Reservation_UK,Reservation_Management_System_Phrase,Phrase,reservation management system,0,0,0,0,0,0,0,22-02-2021,UK
141,EK_Generic_Quad-Tok_Yoga_Singapore,Yoga_Studio_Booking_Software_Broad,Broad,yoga studio booking software,0,2,0,0,0,0,0,22-02-2021,Singapore
142,EK_Generic_Swimming,Pool_Reservation_Software_Exact,Exact,pool reservation software,0,0,0,0,0,0,0,22-02-2021,
143,EK_Generic_Swimming_Canada,Pool_Reservation_Software_Broad,Broad,pool reservation software,0,1,0,0,0,0,0,22-02-2021,Canada
144,EK_Generic_Tri-Tok_Reservation_UK,Reservation_Management_System_Exact,Exact,reservation management system,0,2,0,0,0,0,0,22-02-2021,UK
145,EK_Generic_Quad-Tok_Yoga,Yoga_Studio_Booking_Software_Exact,Exact,yoga studio booking software,0,0,0,0,0,0,0,22-02-2021,
146,EK_Generic_Tri-Tok_Reservation_UAE,Reservation_Management_System_Phrase,Phrase,booking management software,0,4,0,0,0,0,0,22-02-2021,UAE
147,EK_Generic_Quad-Tok_Yoga,Yoga_Studio_Generic_Software_Phrase,Phrase,yoga studio management software,0,1,0,0,0,0,0,22-02-2021,
148,EK_Generic_Quad-Tok_Yoga,Yoga_Studio_Booking_Software_Broad,Broad,yoga studio booking software,5,239,42.26,0,1,2.092050209,8.452,01-03-2021,
149,EK_Generic_Tri-Tok_Reservation,Reservation_Management_System_Phrase,Phrase,reservation management system,2,14,16.96,0,0,14.28571429,8.48,01-03-2021,
150,EK_Generic_Tri-Tok_Reservation,Reservation_Management_System_Phrase,Phrase,booking management software,2,22,25.75,0,0,9.090909091,12.875,01-03-2021,
151,EK_Generic_Tri-Tok_Reservation_UK,Reservation_Management_System_Phrase,Phrase,booking management software,2,20,30.32,0,0,10,15.16,01-03-2021,UK
152,EK_Generic_Tri-Tok_Reservation_Canada,Reservation_Management_System_Exact,Exact,reservation management system,1,2,5.25,0,0,50,5.25,01-03-2021,Canada
153,EK_Generic_Swimming,Pool_Booking_App_Exact,Exact,pool booking app,1,31,9.46,0,0,3.225806452,9.46,01-03-2021,
154,EK_Generic_Tri-Tok_Reservation_Canada,Reservation_Management_System_Phrase,Phrase,booking management software,1,9,11.4,0,0,11.11111111,11.4,01-03-2021,Canada
155,EK_Generic_Tri-Tok_Reservation_Canada,Reservation_Management_System_Phrase,Phrase,reservation management system,0,1,0,0,0,0,0,01-03-2021,Canada
156,EK_Generic_Swimming,Swimming_Pool_Reservation_System_Exact,Exact,swimming pool reservation system,0,1,0,0,0,0,0,01-03-2021,
157,EK_Generic_Quad-Tok_Yoga_Singapore,Yoga_Studio_Booking_Software_Broad,Broad,yoga studio booking software,0,3,0,0,0,0,0,01-03-2021,Singapore
158,EK_Generic_Tri-Tok_Reservation_UAE,Reservation_Management_System_Phrase,Phrase,reservation management system,0,0,0,0,0,0,0,01-03-2021,UAE
159,EK_Generic_Tri-Tok_Reservation_UK,Reservation_Management_System_Phrase,Phrase,reservation management system,0,0,0,0,0,0,0,01-03-2021,UK
160,EK_Generic_Quad-Tok_Pilates,Pilates_Studio_Management_Software_Exact,Exact,pilates studio management software,0,0,0,0,0,0,0,01-03-2021,
161,EK_Generic_Tri-Tok_Reservation_Singapore,Reservation_Management_System_Phrase,Phrase,booking management software,0,3,0,0,0,0,0,01-03-2021,Singapore
162,EK_Generic_Tri-Tok_Reservation_Singapore,Reservation_Management_System_Exact,Exact,reservation management system,0,3,0,0,0,0,0,01-03-2021,Singapore
163,EK_Generic_Swimming,Pool_Reservation_System_Exact,Exact,pool reservation system,0,1,0,0,0,0,0,01-03-2021,
164,EK_Generic_Tri-Tok_Reservation_UAE,Reservation_Management_System_Exact,Exact,reservation management system,0,2,0,0,0,0,0,01-03-2021,UAE
165,EK_Generic_Swimming,Pool_Scheduling_Software_Phrase,Phrase,pool scheduling software,0,4,0,0,0,0,0,01-03-2021,
166,EK_Generic_Tri-Tok_Reservation,Reservation_Management_System_Exact,Exact,reservation management system,0,4,0,0,0,0,0,01-03-2021,
167,EK_Generic_Tri-Tok_Reservation_UAE,Reservation_Management_System_Phrase,Phrase,booking management software,0,2,0,0,0,0,0,01-03-2021,UAE
168,EK_Generic_Swimming_UK,Pool_Reservation_Software_Broad,Broad,pool reservation software,0,6,0,0,0,0,0,01-03-2021,UK
169,EK_Generic_Swimming,Pool_Reservation_Software_Broad,Broad,pool reservation software,0,29,0,0,0,0,0,01-03-2021,
170,EK_Generic_Quad-Tok_Yoga,Yoga_Studio_Booking_Software_Exact,Exact,yoga studio booking software,0,1,0,0,0,0,0,01-03-2021,
171,EK_Generic_Quad-Tok_Yoga,Yoga_Studio_Generic_Software_Phrase,Phrase,yoga studio management software,0,1,0,0,0,0,0,01-03-2021,
172,EK_Generic_Swimming_Canada,Pool_Reservation_Software_Broad,Broad,pool reservation software,0,2,0,0,0,0,0,01-03-2021,Canada
173,EK_Generic_Swimming,Pool_Reservation_Software_Exact,Exact,pool reservation software,0,0,0,0,0,0,0,01-03-2021,
174,EK_Generic_Tri-Tok_Reservation_UK,Reservation_Management_System_Exact,Exact,reservation management system,0,7,0,0,0,0,0,01-03-2021,UK
175,EK_Generic_Swimming,Pool_Reservation_Software_Broad,Broad,pool reservation software,10,34,45.5,0,1,29.41176471,4.55,08-03-2021,
176,EK_Generic_Quad-Tok_Yoga,Yoga_Studio_Booking_Software_Broad,Broad,yoga studio booking software,7,277,52.09,0,0,2.527075812,7.441428571,08-03-2021,
177,EK_Generic_Tri-Tok_Reservation,Reservation_Management_System_Phrase,Phrase,booking management software,4,35,52.37,0,0,11.42857143,13.0925,08-03-2021,
178,EK_Generic_Tri-Tok_Reservation_Canada,Reservation_Management_System_Phrase,Phrase,booking management software,3,20,31.04,1,0,15,10.34666667,08-03-2021,Canada
179,EK_Generic_Swimming_UK,Pool_Reservation_Software_Broad,Broad,pool reservation software,2,15,9.43,0,0,13.33333333,4.715,08-03-2021,UK
180,EK_Generic_Swimming,Swimming_Pool_Reservation_System_Exact,Exact,swimming pool reservation system,2,2,13.08,1,0,100,6.54,08-03-2021,
181,EK_Generic_Swimming,Pool_Booking_App_Exact,Exact,pool booking app,1,18,1.74,0,0,5.555555556,1.74,08-03-2021,
182,EK_Generic_Tri-Tok_Reservation,Reservation_Management_System_Exact,Exact,reservation management system,1,23,5.36,0,0,4.347826087,5.36,08-03-2021,
183,EK_Generic_Swimming,Pool_Scheduling_Software_Phrase,Phrase,pool scheduling software,1,3,18.38,0,0,33.33333333,18.38,08-03-2021,
184,EK_Generic_Tri-Tok_Reservation_UK,Reservation_Management_System_Phrase,Phrase,booking management software,1,25,9.44,0,0,4,9.44,08-03-2021,UK
185,EK_Generic_Tri-Tok_Reservation,Reservation_Management_System_Phrase,Phrase,reservation management system,1,13,8.96,0,0,7.692307692,8.96,08-03-2021,
186,EK_Generic_Swimming,Pool_Reservation_System_Exact,Exact,pool reservation system,1,4,10.81,1,0,25,10.81,08-03-2021,
187,EK_Generic_Tri-Tok_Reservation_Canada,Reservation_Management_System_Exact,Exact,reservation management system,0,3,0,0,0,0,0,08-03-2021,Canada
188,EK_Generic_Tri-Tok_Reservation_UAE,Reservation_Management_System_Exact,Exact,reservation management system,0,0,0,0,0,0,0,08-03-2021,UAE
189,EK_Generic_Tri-Tok_Reservation_UAE,Reservation_Management_System_Phrase,Phrase,reservation management system,0,0,0,0,0,0,0,08-03-2021,UAE
190,EK_Generic_Swimming,Pool_Reservation_Software_Open_Broad,Broad,pool reservation software,0,1,0,0,0,0,0,08-03-2021,
191,EK_Generic_Tri-Tok_Reservation_UK,Reservation_Management_System_Phrase,Phrase,reservation management system,0,0,0,0,0,0,0,08-03-2021,UK
192,EK_Generic_Quad-Tok_Yoga_Singapore,Yoga_Studio_Booking_Software_Broad,Broad,yoga studio booking software,0,6,0,0,0,0,0,08-03-2021,Singapore
193,EK_Generic_Quad-Tok_Yoga,Yoga_Studio_Generic_Software_Phrase,Phrase,yoga studio management software,0,2,0,0,0,0,0,08-03-2021,
194,EK_Generic_Tri-Tok_Reservation_UAE,Reservation_Management_System_Phrase,Phrase,booking management software,0,0,0,0,0,0,0,08-03-2021,UAE
195,EK_Generic_Quad-Tok_Yoga,Yoga_Studio_Booking_Software_Exact,Exact,yoga studio booking software,0,2,0,0,0,0,0,08-03-2021,
196,EK_Generic_Swimming_Canada,Pool_Reservation_Software_Broad,Broad,pool reservation software,0,3,0,0,0,0,0,08-03-2021,Canada
197,EK_Generic_Swimming,Pool_Reservation_Software_Exact,Exact,pool reservation software,0,0,0,0,0,0,0,08-03-2021,
198,EK_Generic_Tri-Tok_Reservation_UK,Reservation_Management_System_Exact,Exact,reservation management system,0,14,0,0,0,0,0,08-03-2021,UK
199,EK_Generic_Tri-Tok_Reservation_Canada,Reservation_Management_System_Phrase,Phrase,reservation management system,0,0,0,0,0,0,0,08-03-2021,Canada
200,EK_Generic_Quad-Tok_Pilates,Pilates_Studio_Management_Software_Exact,Exact,pilates studio management software,0,1,0,0,0,0,0,08-03-2021,
201,EK_Generic_Tri-Tok_Reservation_Singapore,Reservation_Management_System_Phrase,Phrase,booking management software,0,1,0,0,0,0,0,08-03-2021,Singapore
202,EK_Generic_Tri-Tok_Yoga_Singapore,Yoga_Studio_Software_Exact,Exact,yoga studio software,0,0,0,0,0,0,0,08-03-2021,Singapore
203,EK_Generic_Swimming,Swimming_Pool_Booking_System_Exact,Exact,swimming pool booking system,0,1,0,0,0,0,0,08-03-2021,
204,EK_Generic_Quad-Tok_Yoga,Yoga_Studio_Booking_Software_Broad,Broad,yoga studio booking software,8,278,86.79,1,0,2.877697842,10.84875,15-03-2021,
205,EK_Generic_Swimming,Pool_Reservation_Software_Broad,Broad,pool reservation software,5,20,22.7,0,0,25,4.54,15-03-2021,
206,EK_Generic_Tri-Tok_Reservation_Canada,Reservation_Management_System_Phrase,Phrase,booking management software,2,20,21.27,0,0,10,10.635,15-03-2021,Canada
207,EK_Generic_Tri-Tok_Reservation_UK,Reservation_Management_System_Phrase,Phrase,booking management software,1,28,11.15,0,0,3.571428571,11.15,15-03-2021,UK
208,EK_Generic_Swimming,Pool_Reservation_Software_Exact,Exact,pool reservation software,1,6,6.61,0,0,16.66666667,6.61,15-03-2021,
209,EK_Generic_Tri-Tok_Reservation,Reservation_Management_System_Phrase,Phrase,booking management software,1,27,11.32,0,0,3.703703704,11.32,15-03-2021,
210,EK_Generic_Tri-Tok_Reservation,Reservation_Management_System_Phrase,Phrase,reservation management system,1,9,10.62,0,0,11.11111111,10.62,15-03-2021,
211,EK_Generic_Swimming,Pool_Reservation_Software_Open_Broad,Broad,pool reservation software,1,3,6.95,0,0,33.33333333,6.95,15-03-2021,
212,EK_Generic_Tri-Tok_Reservation,Reservation_Management_System_Exact,Exact,reservation management system,1,13,3.61,0,0,7.692307692,3.61,15-03-2021,
213,EK_Generic_Swimming,Pool_Booking_App_Exact,Exact,pool booking app,1,16,3.34,0,0,6.25,3.34,15-03-2021,
214,EK_Generic_Swimming,Pool_Reservation_System_Exact,Exact,pool reservation system,0,7,0,0,0,0,0,15-03-2021,
215,EK_Generic_Tri-Tok_Reservation_Singapore,Reservation_Management_System_Exact,Exact,reservation management system,0,2,0,0,0,0,0,15-03-2021,Singapore
216,EK_Generic_Quad-Tok_Pilates,Pilates_Studio_Management_Software_Exact,Exact,pilates studio management software,0,0,0,0,0,0,0,15-03-2021,
217,EK_Generic_Swimming_UK,Pool_Reservation_Software_Broad,Broad,pool reservation software,0,7,0,0,0,0,0,15-03-2021,UK
218,EK_Generic_Tri-Tok_Reservation_UAE,Reservation_Management_System_Phrase,Phrase,booking management software,0,0,0,0,0,0,0,15-03-2021,UAE
219,EK_Generic_Tri-Tok_Pilates,Pilates_Booking_System_Exact,Exact,pilates booking system,0,0,0,0,0,0,0,15-03-2021,
220,EK_Generic_Tri-Tok_Reservation_UK,Reservation_Management_System_Exact,Exact,reservation management system,0,6,0,0,0,0,0,15-03-2021,UK
221,EK_Generic_Swimming_Canada,Pool_Reservation_Software_Broad,Broad,pool reservation software,0,1,0,0,0,0,0,15-03-2021,Canada
222,EK_Generic_Quad-Tok_Yoga,Yoga_Studio_Booking_Software_Exact,Exact,yoga studio booking software,0,6,0,0,0,0,0,15-03-2021,
223,EK_Generic_Quad-Tok_Yoga,Yoga_Studio_Generic_Software_Phrase,Phrase,yoga studio management software,0,4,0,0,0,0,0,15-03-2021,
224,EK_Generic_Tri-Tok_Pilates,Pilates_Studio_Software_Phrase,Phrase,pilates studio software,0,0,0,0,0,0,0,15-03-2021,
225,EK_Generic_Swimming,Swimming_Pool_Reservation_System_Exact,Exact,swimming pool reservation system,0,1,0,0,0,0,0,15-03-2021,
226,EK_Generic_Tri-Tok_Pilates,Pilates_Management_Software_Exact,Exact,pilates management software,0,0,0,0,0,0,0,15-03-2021,
227,EK_Generic_Tri-Tok_Reservation_UAE,Reservation_Management_System_Phrase,Phrase,reservation management system,0,0,0,0,0,0,0,15-03-2021,UAE
228,EK_Generic_Quad-Tok_Yoga_Singapore,Yoga_Studio_Booking_Software_Broad,Broad,yoga studio booking software,0,1,0,0,0,0,0,15-03-2021,Singapore
229,EK_Generic_Tri-Tok_Reservation_UK,Reservation_Management_System_Phrase,Phrase,reservation management system,0,1,0,0,0,0,0,15-03-2021,UK
230,EK_Generic_Tri-Tok_Pilates,Pilates_Studio_Software_Exact,Exact,pilates studio software,0,2,0,0,0,0,0,15-03-2021,
231,EK_Generic_Tri-Tok_Reservation_UAE,Reservation_Management_System_Exact,Exact,reservation management system,0,0,0,0,0,0,0,15-03-2021,UAE
232,EK_Generic_Quad-Tok_Pilates,Pilates_Studio_Booking_Software_Broad,Broad,pilates studio booking software,0,3,0,0,0,0,0,15-03-2021,
233,EK_Generic_Swimming,Pool_Scheduling_Software_Phrase,Phrase,pool scheduling software,0,5,0,0,0,0,0,15-03-2021,
234,EK_Generic_Tri-Tok_Reservation_Canada,Reservation_Management_System_Exact,Exact,reservation management system,0,2,0,0,0,0,0,15-03-2021,Canada
235,EK_Generic_Swimming,Pool_Reservation_Software_Broad,Broad,pool reservation software,12,35,50.15,0,3,34.28571429,4.179166667,22-03-2021,
236,EK_Generic_Swimming,Pool_Booking_App_Exact,Exact,pool booking app,3,23,13.25,0,1,13.04347826,4.416666667,22-03-2021,
237,EK_Generic_Quad-Tok_Yoga,Yoga_Studio_Booking_Software_Broad,Broad,yoga studio booking software,11,213,84.27,0,0,5.164319249,7.660909091,22-03-2021,
238,EK_Generic_Quad-Tok_Pilates,Pilates_Studio_Booking_Software_Broad,Broad,pilates studio booking software,4,199,46.89,0,0,2.010050251,11.7225,22-03-2021,
239,EK_Generic_Tri-Tok_Reservation,Reservation_Management_System_Exact,Exact,reservation management system,3,17,15.41,0,0,17.64705882,5.136666667,22-03-2021,
240,EK_Generic_Swimming_Canada,Pool_Reservation_Software_Broad,Broad,pool reservation software,3,3,7.89,0,0,100,2.63,22-03-2021,Canada
241,EK_Generic_Tri-Tok_Reservation,Reservation_Management_System_Phrase,Phrase,reservation management system,2,11,19.15,0,0,18.18181818,9.575,22-03-2021,
242,EK_Generic_Swimming_UK,Pool_Reservation_Software_Broad,Broad,pool reservation software,2,28,15.43,1,0,7.142857143,7.715,22-03-2021,UK
243,EK_Generic_Swimming,Pool_Reservation_System_Exact,Exact,pool reservation system,2,4,14.9,0,0,50,7.45,22-03-2021,
244,EK_Generic_Tri-Tok_Reservation_UAE,Reservation_Management_System_Exact,Exact,reservation management system,1,3,5.21,0,0,33.33333333,5.21,22-03-2021,UAE
245,EK_Generic_Tri-Tok_Reservation_Canada,Reservation_Management_System_Phrase,Phrase,reservation management system,1,5,11.17,0,0,20,11.17,22-03-2021,Canada
246,EK_Generic_Tri-Tok_Reservation_UK,Reservation_Management_System_Phrase,Phrase,booking management software,1,28,11.1,0,0,3.571428571,11.1,22-03-2021,UK
247,EK_Generic_Swimming,Pool_Reservation_Software_Open_Broad,Broad,pool reservation software,1,3,13.91,0,0,33.33333333,13.91,22-03-2021,
248,EK_Generic_Swimming_UK,Swimming_Pool_Booking_System_Exact,Exact,swimming pool booking system,0,1,0,0,0,0,0,22-03-2021,UK
249,EK_Generic_Swimming,Pool_Scheduling_Software_Phrase,Phrase,pool scheduling software,0,13,0,0,0,0,0,22-03-2021,
250,EK_Generic_Tri-Tok_Reservation_Canada,Reservation_Management_System_Exact,Exact,reservation management system,0,4,0,0,0,0,0,22-03-2021,Canada
251,EK_Generic_Tri-Tok_Reservation,Reservation_Management_System_Phrase,Phrase,booking management software,0,26,0,0,0,0,0,22-03-2021,
252,EK_Generic_Swimming,Swimming_Pool_Reservation_System_Exact,Exact,swimming pool reservation system,0,0,0,0,0,0,0,22-03-2021,
253,EK_Generic_Tri-Tok_Pilates,Pilates_Studio_Software_Phrase,Phrase,pilates studio software,0,0,0,0,0,0,0,22-03-2021,
254,EK_Generic_Tri-Tok_Pilates,Pilates_Booking_System_Exact,Exact,pilates booking system,0,0,0,0,0,0,0,22-03-2021,
255,EK_Generic_Tri-Tok_Reservation_Canada,Reservation_Management_System_Phrase,Phrase,booking management software,0,24,0,0,0,0,0,22-03-2021,Canada
256,EK_Generic_Quad-Tok_Yoga,Yoga_Studio_Booking_Software_Exact,Exact,yoga studio booking software,0,3,0,0,0,0,0,22-03-2021,
257,EK_Generic_Tri-Tok_Reservation_UAE,Reservation_Management_System_Phrase,Phrase,booking management software,0,1,0,0,0,0,0,22-03-2021,UAE
258,EK_Generic_Tri-Tok_Reservation_UK,Reservation_Management_System_Exact,Exact,reservation management system,0,3,0,0,0,0,0,22-03-2021,UK
259,EK_Generic_Swimming,Pool_Reservation_Software_Exact,Exact,pool reservation software,0,1,0,0,0,0,0,22-03-2021,
260,EK_Generic_Quad-Tok_Yoga,Yoga_Studio_Generic_Software_Phrase,Phrase,yoga studio management software,0,1,0,0,0,0,0,22-03-2021,
261,EK_Generic_Tri-Tok_Reservation_Singapore,Reservation_Management_System_Phrase,Phrase,booking management software,0,2,0,0,0,0,0,22-03-2021,Singapore
262,EK_Generic_Tri-Tok_Reservation_Singapore,Reservation_Management_System_Exact,Exact,reservation management system,0,2,0,0,0,0,0,22-03-2021,Singapore
263,EK_Generic_Quad-Tok_Pilates,Pilates_Studio_Management_Software_Exact,Exact,pilates studio management software,0,0,0,0,0,0,0,22-03-2021,
264,EK_Generic_Tri-Tok_Yoga_Singapore,Yoga_Studio_App_Phrase,Phrase,yoga studio app,0,1,0,0,0,0,0,22-03-2021,Singapore
265,EK_Generic_Tri-Tok_Reservation_UK,Reservation_Management_System_Phrase,Phrase,reservation management system,0,2,0,0,0,0,0,22-03-2021,UK
266,EK_Generic_Quad-Tok_Yoga_Singapore,Yoga_Studio_Booking_Software_Broad,Broad,yoga studio booking software,0,2,0,0,0,0,0,22-03-2021,Singapore
267,EK_Generic_Tri-Tok_Yoga,Yoga_Studio_Software_Exact,Exact,yoga studio software,0,0,0,0,0,0,0,22-03-2021,
268,EK_Generic_Tri-Tok_Pilates,Pilates_Studio_Software_Exact,Exact,pilates studio software,0,1,0,0,0,0,0,22-03-2021,
269,EK_Generic_Tri-Tok_Yoga,Yoga_Studio_App_Broad,Broad,yoga studio app,10,129,30.2,0,0,7.751937984,3.02,29-03-2021,
270,EK_Generic_Swimming_Singapore,Swimming_Pool_Booking_System_Exact,Exact,swimming pool booking system,8,26,5.97,0,0,30.76923077,0.74625,29-03-2021,Singapore
271,EK_Generic_Quad-Tok_Yoga,Yoga_Studio_Booking_Software_Broad,Broad,yoga studio booking software,6,263,46.52,0,0,2.281368821,7.753333333,29-03-2021,
272,EK_Generic_Tri-Tok_Reservation,Reservation_Management_System_Phrase,Phrase,booking management software,3,41,32.76,0,0,7.317073171,10.92,29-03-2021,
273,EK_Generic_Swimming_UK,Pool_Reservation_Software_Broad,Broad,pool reservation software,3,4,11.37,0,0,75,3.79,29-03-2021,UK
274,EK_Generic_Swimming,Pool_Reservation_Software_Broad,Broad,pool reservation software,2,23,7.09,0,0,8.695652174,3.545,29-03-2021,
275,EK_Generic_Tri-Tok_Yoga,Yoga_Studio_Software_Broad,Broad,yoga studio software,1,11,4.62,0,0,9.090909091,4.62,29-03-2021,
276,EK_Generic_Tri-Tok_Reservation,Reservation_Management_System_Phrase,Phrase,reservation management system,1,10,10.66,0,0,10,10.66,29-03-2021,
277,EK_Generic_Swimming,Swimming_Pool_Booking_System_Exact,Exact,swimming pool booking system,1,2,4.5,0,0,50,4.5,29-03-2021,
278,EK_Generic_Swimming,Pool_Reservation_System_Exact,Exact,pool reservation system,1,5,3.65,0,0,20,3.65,29-03-2021,
279,EK_Generic_Swimming_Canada,Pool_Reservation_Software_Broad,Broad,pool reservation software,1,4,4.97,0,0,25,4.97,29-03-2021,Canada
280,EK_Generic_Tri-Tok_Reservation,Reservation_Management_System_Exact,Exact,reservation management system,1,15,5.34,0,0,6.666666667,5.34,29-03-2021,
281,EK_Generic_Swimming,Pool_Scheduling_Software_Phrase,Phrase,pool scheduling software,1,3,4.46,0,0,33.33333333,4.46,29-03-2021,
282,EK_Generic_Tri-Tok_Pilates,Pilates_Studio_Software_Exact,Exact,pilates studio software,0,0,0,0,0,0,0,29-03-2021,
283,EK_Generic_Tri-Tok_Yoga,Yoga_Studio_Software_Exact,Exact,yoga studio software,0,1,0,0,0,0,0,29-03-2021,
284,EK_Generic_Tri-Tok_Pilates,Pilates_Studio_Software_Phrase,Phrase,pilates studio software,0,0,0,0,0,0,0,29-03-2021,
285,EK_Generic_Swimming_UK,Pool_Scheduling_Software_Phrase,Phrase,pool scheduling software,0,0,0,0,0,0,0,29-03-2021,UK
286,EK_Generic_Quad-Tok_Pilates,Pilates_Studio_Management_Software_Exact,Exact,pilates studio management software,0,0,0,0,0,0,0,29-03-2021,
287,EK_Generic_Tri-Tok_Yoga,Yoga_Studio_App_Exact,Exact,yoga studio app,0,2,0,0,0,0,0,29-03-2021,
288,EK_Generic_Quad-Tok_Yoga,Yoga_Studio_Booking_Software_Exact,Exact,yoga studio booking software,0,7,0,0,0,0,0,29-03-2021,
289,EK_Generic_Swimming,Pool_Reservation_Software_Exact,Exact,pool reservation software,0,1,0,0,0,0,0,29-03-2021,
290,EK_Generic_Quad-Tok_Yoga,Yoga_Studio_Generic_Software_Phrase,Phrase,yoga studio management software,0,5,0,0,0,0,0,29-03-2021,
291,EK_Generic_Quad-Tok_Pilates,Pilates_Studio_Booking_Software_Broad,Broad,pilates studio booking software,0,34,0,0,0,0,0,29-03-2021,
292,EK_Generic_Quad-Tok_Yoga,Yoga_Studio_Booking_Software_Broad,Broad,yoga studio booking software,11,260,89.95,0,0,4.230769231,8.177272727,05-04-2021,
293,EK_Generic_Swimming_Singapore,Swimming_Pool_Booking_System_Exact,Exact,swimming pool booking system,7,34,6.27,0,0,20.58823529,0.895714286,05-04-2021,Singapore
294,EK_Generic_Swimming,Pool_Reservation_Software_Broad,Broad,pool reservation software,4,20,10.14,0,0,20,2.535,05-04-2021,
295,EK_Generic_Tri-Tok_Reservation,Reservation_Management_System_Phrase,Phrase,booking management software,3,29,33.33,1,0,10.34482759,11.11,05-04-2021,
296,EK_Generic_Swimming,Pool_Reservation_Software_Open_Broad,Broad,pool reservation software,1,1,6.82,0,0,100,6.82,05-04-2021,
297,EK_Generic_Tri-Tok_Yoga,Yoga_Studio_App_Exact,Exact,yoga studio app,1,11,3.82,0,0,9.090909091,3.82,05-04-2021,
298,EK_Generic_Quad-Tok_Yoga,Yoga_Studio_Booking_Software_Exact,Exact,yoga studio booking software,1,5,23.96,1,0,20,23.96,05-04-2021,
299,EK_Generic_Tri-Tok_Yoga,Yoga_Studio_App_Phrase,Phrase,yoga studio app,1,8,2.67,0,0,12.5,2.67,05-04-2021,
300,EK_Generic_Swimming_Singapore,Swimming_Pool_Reservation_System_Exact,Exact,swimming pool reservation system,0,1,0,0,0,0,0,05-04-2021,Singapore
301,EK_Generic_Tri-Tok_Yoga,Yoga_Studio_Software_Exact,Exact,yoga studio software,0,4,0,0,0,0,0,05-04-2021,
302,EK_Generic_Tri-Tok_Pilates,Pilates_Studio_Software_Exact,Exact,pilates studio software,0,0,0,0,0,0,0,05-04-2021,
303,EK_Generic_Quad-Tok_Pilates,Pilates_Studio_Management_Software_Exact,Exact,pilates studio management software,0,1,0,0,0,0,0,05-04-2021,
304,EK_Generic_Swimming,Swimming_Pool_Reservation_System_Exact,Exact,swimming pool reservation system,0,2,0,0,0,0,0,05-04-2021,
305,EK_Generic_Tri-Tok_Reservation,Reservation_Management_System_Phrase,Phrase,reservation management system,0,12,0,0,0,0,0,05-04-2021,
306,EK_Generic_Tri-Tok_Yoga,Yoga_Studio_Software_Phrase,Phrase,yoga studio software,0,0,0,0,0,0,0,05-04-2021,
307,EK_Generic_Swimming,Pool_Scheduling_Software_Phrase,Phrase,pool scheduling software,0,8,0,0,0,0,0,05-04-2021,
308,EK_Generic_Tri-Tok_Reservation,Reservation_Management_System_Exact,Exact,reservation management system,0,12,0,0,0,0,0,05-04-2021,
309,EK_Generic_Quad-Tok_Pilates,Pilates_Studio_Booking_Software_Broad,Broad,pilates studio booking software,0,51,0,0,0,0,0,05-04-2021,
310,EK_Generic_Swimming_Canada,Pool_Reservation_Software_Broad,Broad,pool reservation software,0,1,0,0,0,0,0,05-04-2021,Canada
311,EK_Generic_Swimming,Pool_Reservation_Software_Exact,Exact,pool reservation software,0,0,0,0,0,0,0,05-04-2021,
312,EK_Generic_Quad-Tok_Yoga,Yoga_Studio_Generic_Software_Phrase,Phrase,yoga studio management software,0,0,0,0,0,0,0,05-04-2021,
313,EK_Generic_Swimming_UK,Pool_Reservation_Software_Broad,Broad,pool reservation software,0,1,0,0,0,0,0,05-04-2021,UK
314,EK_Generic_Swimming,Pool_Reservation_Software_Broad,Broad,pool reservation software,5,18,10.57,0,3,27.77777778,2.114,12-04-2021,
315,EK_Generic_Tri-Tok_Reservation,Reservation_Management_System_Phrase,Phrase,reservation management system,2,6,19.64,0,1,33.33333333,9.82,12-04-2021,
316,EK_Generic_Quad-Tok_Yoga,Yoga_Studio_Booking_Software_Broad,Broad,yoga studio booking software,9,201,71.38,1,0,4.47761194,7.931111111,12-04-2021,
317,EK_Generic_Quad-Tok_Pilates,Pilates_Studio_Booking_Software_Broad,Broad,pilates studio booking software,2,31,19.81,0,0,6.451612903,9.905,12-04-2021,
318,EK_Generic_Tri-Tok_Yoga,Yoga_Studio_App_Phrase,Phrase,yoga studio app,2,10,4.54,0,0,20,2.27,12-04-2021,
319,EK_Generic_Swimming_Singapore,Swimming_Pool_Booking_System_Exact,Exact,swimming pool booking system,1,15,0.71,0,0,6.666666667,0.71,12-04-2021,Singapore
320,EK_Generic_Swimming_UK,Swimming_Pool_Booking_System_Exact,Exact,swimming pool booking system,1,1,0.74,0,0,100,0.74,12-04-2021,UK
321,EK_Generic_Tri-Tok_Yoga,Yoga_Studio_App_Exact,Exact,yoga studio app,1,6,3.42,0,0,16.66666667,3.42,12-04-2021,
322,EK_Generic_Swimming,Pool_Reservation_Software_Exact,Exact,pool reservation software,1,1,6.4,0,0,100,6.4,12-04-2021,
323,EK_Generic_Tri-Tok_Pilates,Pilates_Studio_Software_Phrase,Phrase,pilates studio software,0,0,0,0,0,0,0,12-04-2021,
324,EK_Generic_Tri-Tok_Reservation,Reservation_Management_System_Phrase,Phrase,booking management software,0,15,0,0,0,0,0,12-04-2021,
325,EK_Generic_Tri-Tok_Yoga,Yoga_Studio_Software_Exact,Exact,yoga studio software,0,3,0,0,0,0,0,12-04-2021,
326,EK_Generic_Tri-Tok_Pilates,Pilates_Studio_Software_Exact,Exact,pilates studio software,0,0,0,0,0,0,0,12-04-2021,
327,EK_Generic_Swimming,Pool_Reservation_System_Exact,Exact,pool reservation system,0,1,0,0,0,0,0,12-04-2021,
328,EK_Generic_Swimming,Pool_Scheduling_Software_Phrase,Phrase,pool scheduling software,0,1,0,0,0,0,0,12-04-2021,
329,EK_Generic_Tri-Tok_Reservation,Reservation_Management_System_Exact,Exact,reservation management system,0,8,0,0,0,0,0,12-04-2021,
330,EK_Generic_Swimming_UK,Pool_Reservation_Software_Broad,Broad,pool reservation software,0,1,0,0,0,0,0,12-04-2021,UK
331,EK_Generic_Quad-Tok_Yoga,Yoga_Studio_Booking_Software_Exact,Exact,yoga studio booking software,0,4,0,0,0,0,0,12-04-2021,
332,EK_Generic_Quad-Tok_Yoga,Yoga_Studio_Generic_Software_Phrase,Phrase,yoga studio management software,0,1,0,0,0,0,0,12-04-2021,
333,EK_Generic_Swimming_Canada,Pool_Reservation_Software_Broad,Broad,pool reservation software,0,1,0,0,0,0,0,12-04-2021,Canada
334,EK_Generic_Quad-Tok_Yoga,Yoga_Studio_Booking_Software_Broad,Broad,yoga studio booking software,4,199,29.65,0,1,2.010050251,7.4125,19-04-2021,
335,EK_Generic_Swimming_Singapore,Swimming_Pool_Booking_System_Exact,Exact,swimming pool booking system,5,12,3.98,0,0,41.66666667,0.796,19-04-2021,Singapore
336,EK_Generic_Quad-Tok_Pilates,Pilates_Studio_Booking_Software_Broad,Broad,pilates studio booking software,2,47,15.85,0,0,4.255319149,7.925,19-04-2021,
337,EK_Generic_Swimming,Swimming_Pool_Reservation_System_Exact,Exact,swimming pool reservation system,1,1,1.93,0,0,100,1.93,19-04-2021,
338,EK_Generic_Tri-Tok_Reservation,Reservation_Management_System_Phrase,Phrase,reservation management system,1,8,9.67,0,0,12.5,9.67,19-04-2021,
339,EK_Generic_Tri-Tok_Reservation,Reservation_Management_System_Phrase,Phrase,booking management software,1,10,10.08,0,0,10,10.08,19-04-2021,
340,EK_Generic_Swimming,Pool_Reservation_System_Exact,Exact,pool reservation system,1,2,3.12,1,0,50,3.12,19-04-2021,
341,EK_Generic_Swimming,Pool_Scheduling_Software_Phrase,Phrase,pool scheduling software,1,2,4.25,0,0,50,4.25,19-04-2021,
342,EK_Generic_Tri-Tok_Yoga,Yoga_Studio_App_Phrase,Phrase,yoga studio app,1,10,3.42,0,0,10,3.42,19-04-2021,
343,EK_Generic_Tri-Tok_Yoga,Yoga_Studio_App_Exact,Exact,yoga studio app,1,9,3.32,0,0,11.11111111,3.32,19-04-2021,
344,EK_Generic_Swimming,Pool_Reservation_Software_Broad,Broad,pool reservation software,1,11,2.11,0,0,9.090909091,2.11,19-04-2021,
345,EK_Generic_Tri-Tok_Yoga,Yoga_Studio_Software_Exact,Exact,yoga studio software,0,1,0,0,0,0,0,19-04-2021,
346,EK_Generic_Swimming,Pool_Reservation_Software_Open_Broad,Broad,pool reservation software,0,1,0,0,0,0,0,19-04-2021,
347,EK_Generic_Tri-Tok_Pilates,Pilates_Studio_Software_Exact,Exact,pilates studio software,0,0,0,0,0,0,0,19-04-2021,
348,EK_Generic_Tri-Tok_Pilates,Pilates_Studio_Software_Phrase,Phrase,pilates studio software,0,0,0,0,0,0,0,19-04-2021,
349,EK_Generic_Quad-Tok_Pilates,Pilates_Studio_Management_Software_Exact,Exact,pilates studio management software,0,0,0,0,0,0,0,19-04-2021,
350,EK_Generic_Tri-Tok_Reservation,Reservation_Management_System_Exact,Exact,reservation management system,0,2,0,0,0,0,0,19-04-2021,
351,EK_Generic_Swimming_UK,Swimming_Pool_Booking_System_Exact,Exact,swimming pool booking system,0,1,0,0,0,0,0,19-04-2021,UK
352,EK_Generic_Swimming_UK,Pool_Reservation_Software_Broad,Broad,pool reservation software,0,1,0,0,0,0,0,19-04-2021,UK
353,EK_Generic_Quad-Tok_Yoga,Yoga_Studio_Generic_Software_Phrase,Phrase,yoga studio management software,0,0,0,0,0,0,0,19-04-2021,
354,EK_Generic_Swimming_Canada,Pool_Scheduling_Software_Phrase,Phrase,pool scheduling software,0,1,0,0,0,0,0,19-04-2021,Canada
355,EK_Generic_Tri-Tok_Pilates,Pilates_Booking_System_Exact,Exact,pilates booking system,0,0,0,0,0,0,0,19-04-2021,
356,EK_Generic_Swimming_Singapore,Pool_Reservation_Software_Broad,Broad,pool reservation software,0,2,0,0,0,0,0,19-04-2021,Singapore
357,EK_Generic_Swimming_Canada,Pool_Reservation_Software_Broad,Broad,pool reservation software,0,5,0,0,0,0,0,19-04-2021,Canada
358,EK_Generic_Swimming,Pool_Reservation_Software_Exact,Exact,pool reservation software,0,1,0,0,0,0,0,19-04-2021,
359,EK_Generic_Quad-Tok_Yoga,Yoga_Studio_Booking_Software_Exact,Exact,yoga studio booking software,0,2,0,0,0,0,0,19-04-2021,
360,EK_Generic_Swimming,Pool_Reservation_Software_Broad,Broad,pool reservation software,5,26,10.42,1,0,19.23076923,2.084,26-04-2021,
361,EK_Generic_Quad-Tok_Yoga,Yoga_Studio_Booking_Software_Broad,Broad,yoga studio booking software,4,264,32.79,0,0,1.515151515,8.1975,26-04-2021,
362,EK_Generic_Swimming_Singapore,Swimming_Pool_Booking_System_Exact,Exact,swimming pool booking system,2,12,1.83,0,0,16.66666667,0.915,26-04-2021,Singapore
363,EK_Generic_Tri-Tok_Reservation,Reservation_Management_System_Phrase,Phrase,booking management software,2,40,21.84,0,0,5,10.92,26-04-2021,
364,EK_Generic_Quad-Tok_Pilates,Pilates_Studio_Booking_Software_Broad,Broad,pilates studio booking software,2,40,18.33,0,0,5,9.165,26-04-2021,
365,EK_Generic_Swimming_UK,Swimming_Pool_Booking_System_Exact,Exact,swimming pool booking system,1,1,1.25,0,0,100,1.25,26-04-2021,UK
366,EK_Generic_Swimming,Pool_Scheduling_Software_Phrase,Phrase,pool scheduling software,1,12,16.8,0,0,8.333333333,16.8,26-04-2021,
367,EK_Generic_Swimming_Canada,Swimming_Pool_Reservation_System_Exact,Exact,swimming pool reservation system,0,1,0,0,0,0,0,26-04-2021,Canada
368,EK_Generic_Quad-Tok_Pilates,Pilates_Studio_Management_Software_Exact,Exact,pilates studio management software,0,0,0,0,0,0,0,26-04-2021,
369,EK_Generic_Swimming,Pool_Reservation_System_Exact,Exact,pool reservation system,0,4,0,0,0,0,0,26-04-2021,
370,EK_Generic_Swimming,Swimming_Pool_Reservation_System_Exact,Exact,swimming pool reservation system,0,2,0,0,0,0,0,26-04-2021,
371,EK_Generic_Tri-Tok_Pilates,Pilates_Booking_System_Phrase,Phrase,pilates booking system,0,0,0,0,0,0,0,26-04-2021,
372,EK_Generic_Tri-Tok_Yoga,Yoga_Studio_Software_Phrase,Phrase,yoga studio software,0,4,0,0,0,0,0,26-04-2021,
373,EK_Generic_Tri-Tok_Pilates,Pilates_Studio_Software_Phrase,Phrase,pilates studio software,0,0,0,0,0,0,0,26-04-2021,
374,EK_Generic_Tri-Tok_Reservation,Reservation_Management_System_Phrase,Phrase,reservation management system,0,9,0,0,0,0,0,26-04-2021,
375,EK_Generic_Tri-Tok_Reservation,Reservation_Management_System_Exact,Exact,reservation management system,0,21,0,0,0,0,0,26-04-2021,
376,EK_Generic_Swimming,Pool_Booking_App_Exact,Exact,pool booking app,0,6,0,0,0,0,0,26-04-2021,
377,EK_Generic_Tri-Tok_Yoga,Yoga_Studio_App_Phrase,Phrase,yoga studio app,0,14,0,0,0,0,0,26-04-2021,
378,EK_Generic_Swimming_UK,Pool_Reservation_Software_Broad,Broad,pool reservation software,0,4,0,0,0,0,0,26-04-2021,UK
379,EK_Generic_Tri-Tok_Yoga,Yoga_Studio_App_Exact,Exact,yoga studio app,0,7,0,0,0,0,0,26-04-2021,
380,EK_Generic_Swimming_Canada,Pool_Reservation_Software_Broad,Broad,pool reservation software,0,1,0,0,0,0,0,26-04-2021,Canada
381,EK_Generic_Swimming_Singapore,Pool_Reservation_Software_Broad,Broad,pool reservation software,0,3,0,0,0,0,0,26-04-2021,Singapore
382,EK_Generic_Swimming,Pool_Reservation_Software_Exact,Exact,pool reservation software,0,1,0,0,0,0,0,26-04-2021,
383,EK_Generic_Tri-Tok_Pilates,Pilates_Booking_System_Exact,Exact,pilates booking system,0,5,0,0,0,0,0,26-04-2021,
384,EK_Generic_Quad-Tok_Yoga,Yoga_Studio_Generic_Software_Phrase,Phrase,yoga studio management software,0,0,0,0,0,0,0,26-04-2021,
385,EK_Generic_Quad-Tok_Yoga,Yoga_Studio_Booking_Software_Exact,Exact,yoga studio booking software,0,6,0,0,0,0,0,26-04-2021,
386,EK_Generic_Tri-Tok_Yoga,Yoga_Studio_Software_Exact,Exact,yoga studio software,0,2,0,0,0,0,0,26-04-2021,
387,EK_Generic_Swimming_Singapore,Swimming_Pool_Reservation_System_Exact,Exact,swimming pool reservation system,0,1,0,0,0,0,0,26-04-2021,Singapore
388,EK_Generic_Tri-Tok_Pilates,Pilates_Studio_Software_Exact,Exact,pilates studio software,0,1,0,0,0,0,0,26-04-2021,
389,EK_Generic_Tri-Tok_Yoga,Yoga_Studio_Software_Phrase,Phrase,yoga studio software,8,255,65.66,0,2,3.137254902,8.2075,03-05-2021,
390,EK_Generic_Swimming,Pool_Reservation_System_Exact,Exact,pool reservation system,5,54,53.69,1,1,9.259259259,10.738,03-05-2021,
391,EK_Generic_Tri-Tok_Yoga,Yoga_Studio_App_Exact,Exact,yoga studio app,4,22,11.73,0,0,18.18181818,2.9325,03-05-2021,
392,EK_Generic_Tri-Tok_Pilates,Pilates_Studio_Software_Exact,Exact,pilates studio software,4,9,39.16,0,0,44.44444444,9.79,03-05-2021,
393,EK_Generic_Tri-Tok_Yoga,Yoga_Studio_Software_Exact,Exact,yoga studio software,2,90,23.06,0,0,2.222222222,11.53,03-05-2021,
394,EK_Generic_Swimming_Singapore,Swimming_Pool_Booking_System_Exact,Exact,swimming pool booking system,1,7,6.74,0,0,14.28571429,6.74,03-05-2021,Singapore
395,EK_Generic_Swimming_Canada,Pool_Reservation_Software_Broad,Broad,pool reservation software,1,8,1.92,0,0,12.5,1.92,03-05-2021,Canada
396,EK_Generic_Swimming_Singapore,Pool_Reservation_Software_Broad,Broad,pool reservation software,1,3,4.41,0,0,33.33333333,4.41,03-05-2021,Singapore
397,EK_Generic_Swimming,Pool_Booking_App_Exact,Exact,pool booking app,1,9,0.93,0,0,11.11111111,0.93,03-05-2021,
398,EK_Generic_Swimming,Pool_Scheduling_Software_Phrase,Phrase,pool scheduling software,1,19,7.58,0,0,5.263157895,7.58,03-05-2021,
399,EK_Generic_Swimming,Swimming_Pool_Booking_System_Exact,Exact,swimming pool booking system,1,2,6.15,0,0,50,6.15,03-05-2021,
400,EK_Generic_Quad-Tok_Yoga,Yoga_Studio_Booking_Software_Broad,Broad,yoga studio booking software,1,20,4.57,0,0,5,4.57,03-05-2021,
401,EK_Generic_Swimming,Pool_Reservation_Software_Open_Broad,Broad,#NAME?,1,13,3.77,0,0,7.692307692,3.77,03-05-2021,
402,EK_Generic_Quad-Tok_Pilates,Pilates_Studio_Software_Manager_Exact,Exact,pilates studio software manager,0,0,0,0,0,0,0,03-05-2021,
403,EK_Generic_Tri-Tok_Pilates,Pilates_Studio_Software_Phrase,Phrase,pilates studio software,0,1,0,0,0,0,0,03-05-2021,
404,EK_Generic_Swimming,Swimming_Pool_Reservation_System_Exact,Exact,swimming pool reservation system,0,2,0,0,0,0,0,03-05-2021,
405,EK_Generic_Tri-Tok_Reservation,Reservation_Management_System_Phrase,Phrase,booking management software,0,2,0,0,0,0,0,03-05-2021,
406,EK_Generic_Tri-Tok_Reservation,Reservation_Management_System_Phrase,Phrase,reservation management system,0,2,0,0,0,0,0,03-05-2021,
407,EK_Generic_Tri-Tok_Pilates,Pilates_Booking_System_Exact,Exact,pilates booking system,0,0,0,0,0,0,0,03-05-2021,
408,EK_Generic_Swimming,Pool_Reservation_Software_Exact,Exact,pool reservation software,0,0,0,0,0,0,0,03-05-2021,
409,EK_Generic_Quad-Tok_Yoga,Yoga_Studio_Generic_Software_Phrase,Phrase,yoga studio management software,0,2,0,0,0,0,0,03-05-2021,
410,EK_Generic_Tri-Tok_Yoga,Yoga_Studio_App_Phrase,Phrase,yoga studio app,0,1,0,0,0,0,0,03-05-2021,
411,EK_Generic_Swimming_UK,Pool_Reservation_Software_Broad,Broad,pool reservation software,0,4,0,0,0,0,0,03-05-2021,UK
412,EK_Generic_Tri-Tok_Reservation_UK,Reservation_Management_System_Phrase,Phrase,booking management software,0,1,0,0,0,0,0,03-05-2021,UK
413,EK_Generic_Swimming,Pool_Reservation_Software_Broad,Broad,pool reservation software,0,1,0,0,0,0,0,03-05-2021,
414,EK_Generic_Quad-Tok_Yoga,Yoga_Studio_Booking_Software_Exact,Exact,yoga studio booking software,0,6,0,0,0,0,0,03-05-2021,
415,EK_Generic_Tri-Tok_Reservation,Reservation_Management_System_Exact,Exact,reservation management system,0,0,0,0,0,0,0,03-05-2021,
416,EK_Generic_Quad-Tok_Pilates,Pilates_Studio_Booking_Software_Broad,Broad,pilates studio booking software,0,1,0,0,0,0,0,03-05-2021,
417,EK_Generic_Quad-Tok_Pilates,Pilates_Studio_Management_Software_Exact,Exact,pilates studio management software,0,3,0,0,0,0,0,03-05-2021,
